Paired,Statistics,P-value,Variables,logp,index
"DMSO, PND-1186",-27.503467830263137,1.5399115991137417e-08,Cells_AreaShape_Area,7.8125042097603234,1
"DMSO, PND-1186",-28.841331931577585,8.976211281272906e-09,Cells_AreaShape_Compactness,8.046906933582227,2
"DMSO, PND-1186",-21.049926033005214,2.2794443255372715e-08,Cells_AreaShape_Eccentricity,7.6421710107913565,3
"DMSO, PND-1186",28.61753685568332,1.0797193821885552e-08,Cells_AreaShape_Extent,7.966689102478511,4
"DMSO, PND-1186",21.25409369208184,7.439631653049459e-08,Cells_AreaShape_FormFactor,7.1284485664713495,5
"DMSO, PND-1186",25.69595019455973,1.6373369921744177e-08,Cells_AreaShape_Solidity,7.7858619260983275,6
"DMSO, PND-1186",29.308917473682698,5.7018368109512224e-09,Cells_AreaShape_Zernike_0_0,8.243985216545601,7
"DMSO, PND-1186",34.60660633855251,1.3440807246191878e-09,Cells_AreaShape_Zernike_2_0,8.871574647053134,8
"DMSO, PND-1186",-15.016745857432573,1.0231881297579548e-06,Cells_AreaShape_Zernike_3_1,5.990044506850866,9
"DMSO, PND-1186",1.257462999961916,0.24776216646622168,Cells_AreaShape_Zernike_3_3,0.605965010104403,10
"DMSO, PND-1186",-2.4373782876617813,0.04346502471143428,Cells_AreaShape_Zernike_4_0,1.3618600691266562,11
"DMSO, PND-1186",-15.498805504215527,2.3968958392256935e-07,Cells_AreaShape_Zernike_4_2,6.620350838487167,12
"DMSO, PND-1186",6.3004468058360485,0.00027838488280802054,Cells_AreaShape_Zernike_4_4,3.555354352004414,13
"DMSO, PND-1186",-23.041566223742834,1.9650035103417656e-08,Cells_AreaShape_Zernike_5_3,7.70663666945105,14
"DMSO, PND-1186",3.20184940360984,0.01462652995805736,Cells_AreaShape_Zernike_5_5,1.8348586949832681,15
"DMSO, PND-1186",-18.97058595520857,4.252361549724514e-08,Cells_AreaShape_Zernike_6_4,7.37136981743779,16
"DMSO, PND-1186",9.393741363932781,1.544927936289688e-05,Cells_AreaShape_Zernike_6_6,4.811091773586493,17
"DMSO, PND-1186",-10.834694550631488,9.970722463638135e-06,Cells_AreaShape_Zernike_7_5,5.0012733722195595,18
"DMSO, PND-1186",5.342234863241241,0.0009590944139471943,Cells_AreaShape_Zernike_7_7,3.018138638462277,19
"DMSO, PND-1186",-5.608199512111242,0.0007682105244314054,Cells_AreaShape_Zernike_9_5,3.114519747325522,20
"DMSO, PND-1186",-3.8481597358496757,0.006075500341909065,Cells_AreaShape_Zernike_9_7,2.216417950358072,21
"DMSO, PND-1186",10.039307903916294,1.5069982887676851e-05,Cells_AreaShape_Zernike_9_9,4.821887240836777,22
"DMSO, PND-1186",1.8425020466708024,0.09663392631959485,Cells_Correlation_Correlation_DNA_AGP,1.0148703743435779,23
"DMSO, PND-1186",-37.10193211675239,9.845486572590565e-25,Cells_Correlation_Correlation_DNA_ER,24.00676281578088,24
"DMSO, PND-1186",-28.58473919392824,1.1878115357098205e-13,Cells_Correlation_Correlation_DNA_Mito,12.925252461285977,25
"DMSO, PND-1186",-30.210227581102597,4.436031618273326e-16,Cells_Correlation_Correlation_DNA_RNA,15.35300536703309,26
"DMSO, PND-1186",-40.99637635756016,3.594184759769794e-17,Cells_Correlation_Correlation_ER_AGP,16.44439960166052,27
"DMSO, PND-1186",-28.46048894931474,1.9908093960894966e-13,Cells_Correlation_Correlation_ER_RNA,12.700970318169029,28
"DMSO, PND-1186",-27.37138018272435,1.0899971864618124e-11,Cells_Correlation_Correlation_Mito_AGP,10.962574623073767,29
"DMSO, PND-1186",1.216816376176718,0.23661600223855406,Cells_Correlation_Correlation_Mito_ER,0.6259558875656761,30
"DMSO, PND-1186",-7.9304850837507965,1.1445760104784134e-05,Cells_Correlation_Correlation_Mito_RNA,4.941355360844221,31
"DMSO, PND-1186",-31.337965790167488,2.6344658642798773e-17,Cells_Correlation_Correlation_RNA_AGP,16.579307424364274,32
"DMSO, PND-1186",-6.366462927008049,0.0001618423519273236,Cells_Correlation_K_AGP_DNA,3.7909078189320327,33
"DMSO, PND-1186",-4.10420386963768,7.947356112721349e-05,Cells_Correlation_K_AGP_Mito,4.099777326265259,34
"DMSO, PND-1186",4.384218579811102,0.0024488307628953133,Cells_Correlation_K_DNA_AGP,2.6110412276479953,35
"DMSO, PND-1186",-2.122304997723906,0.06789487696711681,Cells_Correlation_K_DNA_ER,1.168162994332903,36
"DMSO, PND-1186",-3.6342628444596112,0.0007695348049872921,Cells_Correlation_K_DNA_Mito,3.1137717328538286,37
"DMSO, PND-1186",2.1991026155615856,0.058231202707309054,Cells_Correlation_K_ER_RNA,1.2348442398807513,38
"DMSO, PND-1186",4.732669379948294,0.00021176917289348075,Cells_Correlation_K_Mito_DNA,3.6741372596046036,39
"DMSO, PND-1186",-2.1470162560737376,0.06485569864724186,Cells_Correlation_K_RNA_ER,1.1880518579404533,40
"DMSO, PND-1186",3.6653753365543142,0.0063410757950024006,Cells_Correlation_Overlap_DNA_AGP,2.1978370556516182,41
"DMSO, PND-1186",-12.823611293911473,2.0054198606760874e-08,Cells_Correlation_Overlap_DNA_ER,7.697794688337811,42
"DMSO, PND-1186",-2.132747009521965,0.06645889586811195,Cells_Correlation_Overlap_DNA_Mito,1.1774468782599794,43
"DMSO, PND-1186",-13.696044091268949,9.678371413497815e-08,Cells_Correlation_Overlap_DNA_RNA,7.01419771558785,44
"DMSO, PND-1186",-6.794051964811793,9.020414602583722e-05,Cells_Correlation_Overlap_ER_AGP,4.0447735006536,45
"DMSO, PND-1186",-0.3754221394173117,0.7181563185048168,Cells_Correlation_Overlap_ER_RNA,0.14378101414902567,46
"DMSO, PND-1186",3.261169210604371,0.01172820437768663,Cells_Correlation_Overlap_Mito_AGP,1.9307684745474094,47
"DMSO, PND-1186",21.269802502440662,2.5186620145180892e-08,Cells_Correlation_Overlap_Mito_RNA,7.598830107642043,48
"DMSO, PND-1186",7.494581296770036,0.00011555884207975522,Cells_Correlation_Overlap_RNA_AGP,3.9371968185143436,49
"DMSO, PND-1186",-4.3021314085703946,0.0018043591905322195,Cells_Granularity_11_ER,2.7436770039679708,50
"DMSO, PND-1186",-28.164445827218866,4.4693487539858027e-10,Cells_Granularity_12_RNA,9.349755754978943,51
"DMSO, PND-1186",-25.19539006252683,2.1455550022568215e-09,Cells_Granularity_13_ER,8.668460347656387,52
"DMSO, PND-1186",-34.54635334987722,2.2850828851221731e-10,Cells_Granularity_13_RNA,9.641098042465751,53
"DMSO, PND-1186",-3.6292204619397923,0.007146954962800993,Cells_Granularity_2_AGP,2.145878954637134,54
"DMSO, PND-1186",-1.7745322377878858,0.1135759646371961,Cells_Granularity_2_ER,0.9447135658949589,55
"DMSO, PND-1186",-9.746047897659404,6.0801246020191325e-06,Cells_Granularity_2_Mito,5.216087520494559,56
"DMSO, PND-1186",-3.5835402633207973,0.007015246623519372,Cells_Granularity_2_RNA,2.1539570565884576,57
"DMSO, PND-1186",7.344336374856421,7.1585464035624324e-06,Cells_Granularity_3_AGP,5.145175155485633,58
"DMSO, PND-1186",17.77492136006452,4.238145495304878e-10,Cells_Granularity_3_ER,9.372824138063303,59
"DMSO, PND-1186",6.653818651777509,8.812815403256328e-05,Cells_Granularity_3_Mito,4.054885326687908,60
"DMSO, PND-1186",2.7860001058857042,0.020655758972430882,Cells_Granularity_3_RNA,1.684958842736155,61
"DMSO, PND-1186",20.45132114428335,3.252019819910596e-11,Cells_Granularity_4_AGP,10.487846816198642,62
"DMSO, PND-1186",17.598551313513195,9.3250703594096e-09,Cells_Granularity_4_ER,8.03034788267337,63
"DMSO, PND-1186",6.916371328538316,0.00013565964643312724,Cells_Granularity_4_RNA,3.867549319162062,64
"DMSO, PND-1186",37.76399947895406,4.567938569216133e-12,Cells_Granularity_5_AGP,11.340279745224084,65
"DMSO, PND-1186",13.009478747800644,6.671413394928806e-07,Cells_Granularity_5_ER,6.175782147404102,66
"DMSO, PND-1186",16.252848943502038,1.0998296610301957e-07,Cells_Granularity_5_Mito,6.958674572117279,67
"DMSO, PND-1186",15.143194609781466,1.074362656791653e-07,Cells_Granularity_6_ER,6.9688490954912155,68
"DMSO, PND-1186",17.163107921895822,7.281199802989564e-08,Cells_Granularity_6_RNA,7.137797051334716,69
"DMSO, PND-1186",-30.992611325573773,5.604883549371996e-11,Cells_Intensity_IntegratedIntensityEdge_AGP,10.251433406153849,70
"DMSO, PND-1186",-17.975154598059888,5.809458524268589e-11,Cells_Intensity_IntegratedIntensityEdge_Mito,10.235864344525512,71
"DMSO, PND-1186",-23.125078713888662,6.189587567497628e-08,Cells_Intensity_IntegratedIntensity_DNA,7.208338288480268,72
"DMSO, PND-1186",-32.45001713400964,2.9599343162479525e-09,Cells_Intensity_IntegratedIntensity_ER,8.528717926240917,73
"DMSO, PND-1186",-28.42400375152996,5.536083312699462e-09,Cells_Intensity_IntegratedIntensity_RNA,8.256797382790209,74
"DMSO, PND-1186",18.791940721503806,2.448206204435077e-11,Cells_Intensity_MADIntensity_AGP,10.611152005776152,75
"DMSO, PND-1186",36.91197452411092,1.1317337648810796e-50,Cells_Intensity_MADIntensity_DNA,49.94625572689512,76
"DMSO, PND-1186",-3.440477015118339,0.00618459886565922,Cells_Intensity_MADIntensity_ER,2.2086884635498554,77
"DMSO, PND-1186",-7.10032888587235,0.00012242108378915755,Cells_Intensity_MADIntensity_RNA,3.912143780027428,78
"DMSO, PND-1186",-19.90462926149764,1.7107682803229522e-07,Cells_Intensity_MassDisplacement_AGP,6.766808810676401,79
"DMSO, PND-1186",-30.33385425700624,9.312156855090525e-09,Cells_Intensity_MassDisplacement_DNA,8.030949717324068,80
"DMSO, PND-1186",-32.035366825667104,6.093845545236792e-09,Cells_Intensity_MassDisplacement_ER,8.215108557612762,81
"DMSO, PND-1186",-36.10769600887109,1.1473178387211343e-09,Cells_Intensity_MassDisplacement_Mito,8.94031625386759,82
"DMSO, PND-1186",-0.25773929748267765,0.8030848850079082,Cells_Intensity_MaxIntensityEdge_ER,0.09523854794402567,83
"DMSO, PND-1186",-4.543296817238686,0.0009327647429904985,Cells_Intensity_MaxIntensity_AGP,3.030227877908876,84
"DMSO, PND-1186",17.100437164164596,1.3219719942735595e-10,Cells_Intensity_MeanIntensity_AGP,9.87877774519931,85
"DMSO, PND-1186",27.828350979035385,6.856491771097289e-14,Cells_Intensity_MeanIntensity_DNA,13.163898040878525,86
"DMSO, PND-1186",18.98154534034735,9.904015988860376e-11,Cells_Intensity_MeanIntensity_ER,10.004188667206407,87
"DMSO, PND-1186",41.32157876440832,5.40563660415903e-40,Cells_Intensity_MedianIntensity_DNA,39.267153153256814,88
"DMSO, PND-1186",8.117002408321467,3.583326421093974e-10,Cells_Intensity_MinIntensityEdge_Mito,9.445713628221613,89
"DMSO, PND-1186",30.590981479478216,7.385827421912897e-17,Cells_Intensity_MinIntensityEdge_RNA,16.13160084434095,90
"DMSO, PND-1186",18.956315064600528,4.948544080567009e-10,Cells_Intensity_MinIntensity_AGP,9.305522556779849,91
"DMSO, PND-1186",-0.2380688455521705,0.8177225284115549,Cells_Intensity_StdIntensityEdge_AGP,0.08739403718729989,92
"DMSO, PND-1186",-5.048135733746854,0.0011308049397101177,Cells_Intensity_StdIntensityEdge_DNA,2.9466123030440667,93
"DMSO, PND-1186",-8.478769944546242,1.5092386778890208e-10,Cells_Intensity_StdIntensityEdge_Mito,9.821242073482617,94
"DMSO, PND-1186",6.628800862105127,2.8178414591183646e-05,Cells_Intensity_StdIntensity_DNA,4.550083445352628,95
"DMSO, PND-1186",-7.366723024030897,7.866559907384847e-06,Cells_Intensity_StdIntensity_ER,5.104215145641285,96
"DMSO, PND-1186",-8.620793951324625,3.6012834919244066e-05,Cells_Intensity_StdIntensity_RNA,4.443542689755523,97
"DMSO, PND-1186",32.33770620543262,3.3376254529883964e-14,Cells_Intensity_UpperQuartileIntensity_DNA,13.476562401277814,98
"DMSO, PND-1186",25.231134406291456,2.5975304990748432e-08,Cells_Neighbors_AngleBetweenNeighbors_Adjacent,7.585439344443683,99
"DMSO, PND-1186",-36.48942069834087,1.481380235843522e-09,Cells_Neighbors_FirstClosestDistance_Adjacent,8.82933345388002,100
"DMSO, PND-1186",20.929851115918513,4.224101627272484e-09,Cells_Neighbors_PercentTouching_Adjacent,8.37426564169756,101
"DMSO, PND-1186",20.93179678098972,5.7974505497913004e-08,Cells_RadialDistribution_FracAtD_AGP_3of4,7.236762947052952,102
"DMSO, PND-1186",7.280262694567321,6.282944645981462e-05,Cells_RadialDistribution_FracAtD_ER_3of4,4.201836766489807,103
"DMSO, PND-1186",21.763552240450966,5.447452197465312e-08,Cells_RadialDistribution_FracAtD_Mito_3of4,7.263806572090082,104
"DMSO, PND-1186",-3.1281264275995366,0.012911923356104239,Cells_RadialDistribution_FracAtD_RNA_3of4,1.889009060543302,105
"DMSO, PND-1186",0.13879752508435145,0.892702688140266,Cells_RadialDistribution_MeanFrac_AGP_1of4,0.049293157460118496,106
"DMSO, PND-1186",-10.061961637202346,8.082310494605024e-06,Cells_RadialDistribution_MeanFrac_AGP_3of4,5.092464469470774,107
"DMSO, PND-1186",-17.811849301652135,1.0108125011526175e-08,Cells_RadialDistribution_MeanFrac_ER_1of4,7.995329395612405,108
"DMSO, PND-1186",-18.270579295651334,3.293628464010713e-08,Cells_RadialDistribution_MeanFrac_ER_3of4,7.482325392759001,109
"DMSO, PND-1186",-16.54015395021686,2.3650523660021554e-08,Cells_RadialDistribution_MeanFrac_Mito_1of4,7.626159238852598,110
"DMSO, PND-1186",-7.864362054416803,6.012717548606829e-05,Cells_RadialDistribution_MeanFrac_Mito_3of4,4.220929196946551,111
"DMSO, PND-1186",-28.000364647810265,1.9279104317193394e-09,Cells_RadialDistribution_MeanFrac_RNA_3of4,8.714913146736938,112
"DMSO, PND-1186",-20.604713733431833,4.488598321449696e-08,Cells_RadialDistribution_RadialCV_AGP_1of4,7.347889257281164,113
"DMSO, PND-1186",-17.128444994065855,1.69105324987201e-07,Cells_RadialDistribution_RadialCV_AGP_2of4,6.77184271661192,114
"DMSO, PND-1186",-15.840715414046405,2.2029143129785032e-07,Cells_RadialDistribution_RadialCV_AGP_3of4,6.657002395325104,115
"DMSO, PND-1186",-10.64078061214309,1.2619021999596937e-05,Cells_RadialDistribution_RadialCV_AGP_4of4,4.898974302511619,116
"DMSO, PND-1186",-12.714189449137955,1.664823743205964e-06,Cells_RadialDistribution_RadialCV_ER_1of4,5.778631738977471,117
"DMSO, PND-1186",-7.285062017253788,5.289828381233704e-05,Cells_RadialDistribution_RadialCV_ER_2of4,4.27655841762308,118
"DMSO, PND-1186",-19.290237704265607,9.730275647292775e-08,Cells_RadialDistribution_RadialCV_ER_3of4,7.011874856504255,119
"DMSO, PND-1186",-33.87760600646264,9.73133796085954e-10,Cells_RadialDistribution_RadialCV_ER_4of4,9.011827444513672,120
"DMSO, PND-1186",-23.49050679880445,1.4299598315395724e-08,Cells_RadialDistribution_RadialCV_Mito_1of4,7.844676161965517,121
"DMSO, PND-1186",-8.855109788364205,2.1585757582403613e-05,Cells_RadialDistribution_RadialCV_Mito_2of4,4.665832704566953,122
"DMSO, PND-1186",-10.557441878892531,2.7321331442778463e-06,Cells_RadialDistribution_RadialCV_Mito_3of4,5.563498140123673,123
"DMSO, PND-1186",-28.798539580682423,1.9495598155184167e-10,Cells_RadialDistribution_RadialCV_Mito_4of4,9.710063435443391,124
"DMSO, PND-1186",-28.83979679438882,7.8393216571914e-09,Cells_RadialDistribution_RadialCV_RNA_2of4,8.105721515540594,125
"DMSO, PND-1186",-32.66587269256698,1.940812416572642e-09,Cells_RadialDistribution_RadialCV_RNA_3of4,8.712016438019273,126
"DMSO, PND-1186",-34.51213280967828,7.251484552293067e-10,Cells_RadialDistribution_RadialCV_RNA_4of4,9.139573073860957,127
"DMSO, PND-1186",-21.10775097232351,9.84765391817593e-08,Cells_Texture_AngularSecondMoment_AGP_5_0,7.006667222471898,128
"DMSO, PND-1186",-19.257354417666406,2.0823554178261272e-07,Cells_Texture_AngularSecondMoment_RNA_20_0,6.6814451428239865,129
"DMSO, PND-1186",45.93004512731724,1.3341913382388091e-15,Cells_Texture_Contrast_DNA_5_0,14.87478188317624,130
"DMSO, PND-1186",-8.796851774098728,1.3241847459381781e-05,Cells_Texture_Correlation_AGP_10_0,4.878051419319097,131
"DMSO, PND-1186",-18.8722111692769,1.955256216870238e-08,Cells_Texture_Correlation_DNA_5_0,7.708796324568907,132
"DMSO, PND-1186",-8.441360968706196,2.3693588170156068e-05,Cells_Texture_Correlation_ER_5_0,4.625369164499002,133
"DMSO, PND-1186",-3.797897756816,0.005021203117120449,Cells_Texture_Correlation_Mito_10_0,2.299192210240793,134
"DMSO, PND-1186",-12.617018998716977,1.5274629218721524e-06,Cells_Texture_Correlation_Mito_20_0,5.81602932316185,135
"DMSO, PND-1186",-35.738295740439526,4.7803155286082264e-18,Cells_Texture_Correlation_RNA_10_0,17.32054343648184,136
"DMSO, PND-1186",-30.131520410700457,1.78366998620826e-16,Cells_Texture_Correlation_RNA_5_0,15.748685495490546,137
"DMSO, PND-1186",35.224936310288214,1.1789776528486122e-09,Cells_Texture_DifferenceEntropy_AGP_20_0,8.928494426742496,138
"DMSO, PND-1186",24.242773556421113,2.7489555908332093e-08,Cells_Texture_DifferenceEntropy_Mito_20_0,7.560832276093916,139
"DMSO, PND-1186",30.81076220700367,1.4735737618188927e-09,Cells_Texture_DifferenceEntropy_RNA_20_0,8.83162812004538,140
"DMSO, PND-1186",22.078427352840038,5.544260356019295e-09,Cells_Texture_DifferenceVariance_Mito_10_0,8.256156383640192,141
"DMSO, PND-1186",26.853720815855763,4.748244173660877e-09,Cells_Texture_DifferenceVariance_Mito_20_0,8.323466955988104,142
"DMSO, PND-1186",16.077973538231024,9.865332085169547e-08,Cells_Texture_DifferenceVariance_Mito_5_0,7.005888291017038,143
"DMSO, PND-1186",21.45346413319359,3.496964301081615e-08,Cells_Texture_Entropy_Mito_20_0,7.456308801183006,144
"DMSO, PND-1186",30.34237187472175,2.3796415728386465e-09,Cells_Texture_Entropy_RNA_5_0,8.623488452464878,145
"DMSO, PND-1186",28.103602069363646,2.158288146900305e-11,Cells_Texture_Gabor_AGP_10,10.66589057436357,146
"DMSO, PND-1186",35.70810164326054,1.3164644000642618e-13,Cells_Texture_Gabor_AGP_20,12.880590880625283,147
"DMSO, PND-1186",22.56662408622606,1.0739774009469762e-08,Cells_Texture_Gabor_AGP_5,7.969004857134867,148
"DMSO, PND-1186",25.57479576750925,5.7763593811521336e-11,Cells_Texture_Gabor_DNA_10,10.238345794594247,149
"DMSO, PND-1186",21.506113175989128,3.599290684011967e-09,Cells_Texture_Gabor_DNA_5,8.443783077669268,150
"DMSO, PND-1186",20.002024681728425,3.943865158041474e-09,Cells_Texture_Gabor_ER_10,8.404077942138438,151
"DMSO, PND-1186",41.020877526865306,4.796597535813618e-16,Cells_Texture_Gabor_ER_20,15.31906671999731,152
"DMSO, PND-1186",22.48607080946074,4.258875317973596e-09,Cells_Texture_Gabor_ER_5,8.370705074063062,153
"DMSO, PND-1186",24.866228257623696,2.42583252198998e-10,Cells_Texture_Gabor_Mito_10,9.615139185862816,154
"DMSO, PND-1186",34.95001219357204,7.961298240103735e-12,Cells_Texture_Gabor_Mito_20,11.099016106566337,155
"DMSO, PND-1186",22.193663735769423,9.060940532552181e-09,Cells_Texture_Gabor_Mito_5,8.042826719884216,156
"DMSO, PND-1186",35.20807255489612,9.269228349456249e-18,Cells_Texture_Gabor_RNA_10,17.0329564187705,157
"DMSO, PND-1186",45.19858674112971,2.679303290059143e-24,Cells_Texture_Gabor_RNA_20,23.57197812262031,158
"DMSO, PND-1186",26.734882864063668,1.0507763227999097e-10,Cells_Texture_Gabor_RNA_5,9.97848972175692,159
"DMSO, PND-1186",30.055819211972608,2.896056378319657e-09,Cells_Texture_InfoMeas1_AGP_20_0,8.538192987863427,160
"DMSO, PND-1186",14.43494088416361,5.777560389824579e-07,Cells_Texture_InfoMeas1_AGP_5_0,6.238255506371482,161
"DMSO, PND-1186",38.562676279395376,8.836563765869913e-10,Cells_Texture_InfoMeas1_DNA_20_0,9.053716584267793,162
"DMSO, PND-1186",8.424525986464438,3.4482530045217596e-05,Cells_Texture_InfoMeas1_Mito_20_0,4.462400876711418,163
"DMSO, PND-1186",30.16740507406353,2.0725403064207257e-11,Cells_Texture_InfoMeas1_RNA_5_0,10.683497014608381,164
"DMSO, PND-1186",-2.0946855246916254,0.0703233876466332,Cells_Texture_InfoMeas2_AGP_10_0,1.1529002164211677,165
"DMSO, PND-1186",-13.24900135784033,7.947375051423587e-07,Cells_Texture_InfoMeas2_AGP_20_0,6.099776291334401,166
"DMSO, PND-1186",4.852186445191971,0.0015600261627813868,Cells_Texture_InfoMeas2_AGP_5_0,2.806868118147904,167
"DMSO, PND-1186",8.569746707815817,4.473580924445933e-05,Cells_Texture_InfoMeas2_DNA_10_0,4.349344702118056,168
"DMSO, PND-1186",-17.265696238109257,1.9490198635514692e-07,Cells_Texture_InfoMeas2_DNA_20_0,6.710183734721868,169
"DMSO, PND-1186",16.091922362501005,5.739260643974212e-07,Cells_Texture_InfoMeas2_DNA_5_0,6.241144051665423,170
"DMSO, PND-1186",-17.121119339439492,9.718176097000966e-08,Cells_Texture_InfoMeas2_ER_20_0,7.012415235622582,171
"DMSO, PND-1186",-4.744519270586055,0.0013582433707561136,Cells_Texture_InfoMeas2_ER_5_0,2.8670224059710794,172
"DMSO, PND-1186",-28.603155637745257,2.9145206045386498e-18,Cells_Texture_InfoMeas2_RNA_5_0,17.53543287003889,173
"DMSO, PND-1186",-24.09411603799096,1.8812787867176396e-08,Cells_Texture_InverseDifferenceMoment_Mito_20_0,7.725546841577977,174
"DMSO, PND-1186",-36.61533736875041,4.99034087331278e-12,Cells_Texture_InverseDifferenceMoment_RNA_5_0,11.301869788175685,175
"DMSO, PND-1186",25.364109985026296,3.788740527004864e-09,Cells_Texture_SumAverage_AGP_5_0,8.421505136490282,176
"DMSO, PND-1186",25.06451324289762,5.225107199365719e-10,Cells_Texture_SumAverage_Mito_20_0,9.281904795051279,177
"DMSO, PND-1186",41.46725086073128,5.2183846423501977e-11,Cells_Texture_SumAverage_RNA_20_0,10.282463912607671,178
"DMSO, PND-1186",31.263201835273133,3.424073938635727e-10,Cells_Texture_SumEntropy_DNA_5_0,9.4654568658422,179
"DMSO, PND-1186",6.226824649104773,0.0002000365003762357,Cells_Texture_SumEntropy_RNA_20_0,3.6988907520077157,180
"DMSO, PND-1186",1.5621625236692143,0.15946643035203262,Cells_Texture_SumVariance_ER_20_0,0.7973307273234485,181
"DMSO, PND-1186",18.477286125011748,6.159783998839466e-08,Cells_Texture_SumVariance_Mito_20_0,7.210434516692204,182
"DMSO, PND-1186",-10.340900707250412,3.0961675603313095e-06,Cells_Texture_SumVariance_RNA_20_0,5.509175543932906,183
"DMSO, PND-1186",24.255027042713287,9.277869945002685e-09,Cells_Texture_Variance_Mito_5_0,8.032551719612426,184
"DMSO, PND-1186",-0.012603280953595886,0.990205164290672,Cytoplasm_AreaShape_FormFactor,0.0042748129903020585,185
"DMSO, PND-1186",-32.230663319591194,1.9431671290330067e-09,Cytoplasm_AreaShape_MaximumRadius,8.711489844744879,186
"DMSO, PND-1186",-31.248601709349696,1.883569092530587e-09,Cytoplasm_AreaShape_MedianRadius,8.725018444505352,187
"DMSO, PND-1186",-22.698627699701817,9.002396007026422e-16,Cytoplasm_AreaShape_Solidity,15.045641886767056,188
"DMSO, PND-1186",3.791783045616969,0.006143972035007298,Cytoplasm_AreaShape_Zernike_1_1,2.211550769713142,189
"DMSO, PND-1186",-28.793109601830533,1.550976953750748e-10,Cytoplasm_AreaShape_Zernike_2_0,9.809394655399316,190
"DMSO, PND-1186",8.933234612768652,1.1987224796922652e-06,Cytoplasm_AreaShape_Zernike_2_2,5.921281350252967,191
"DMSO, PND-1186",28.244518859347426,4.932832386353134e-11,Cytoplasm_AreaShape_Zernike_3_1,10.306903641261687,192
"DMSO, PND-1186",25.659679305175075,1.5411118614727696e-08,Cytoplasm_AreaShape_Zernike_4_0,7.812165836909614,193
"DMSO, PND-1186",-10.80279272278648,5.157524289499494e-06,Cytoplasm_AreaShape_Zernike_4_2,5.28755871802844,194
"DMSO, PND-1186",30.14076191390283,3.5677035178429176e-09,Cytoplasm_AreaShape_Zernike_5_1,8.447611243397587,195
"DMSO, PND-1186",-8.308526162041204,6.358182034222839e-05,Cytoplasm_AreaShape_Zernike_5_3,4.196667042428356,196
"DMSO, PND-1186",-24.053922102169434,1.770364998210204e-09,Cytoplasm_AreaShape_Zernike_6_4,8.751937185408428,197
"DMSO, PND-1186",-9.356773390184404,2.774737671652853e-05,Cytoplasm_AreaShape_Zernike_8_6,4.556778069528297,198
"DMSO, PND-1186",6.644660208590661,0.00024960000079939635,Cytoplasm_AreaShape_Zernike_8_8,3.6027554175986944,199
"DMSO, PND-1186",1.9679094101478045,0.08402232662774264,Cytoplasm_AreaShape_Zernike_9_1,1.0756052967613678,200
"DMSO, PND-1186",-6.427543211809619,0.00032477195239732985,Cytoplasm_AreaShape_Zernike_9_7,3.4884214838798546,201
"DMSO, PND-1186",-11.973323407854199,2.21716132829598e-08,Cytoplasm_Correlation_Correlation_DNA_AGP,7.654202704973194,202
"DMSO, PND-1186",-20.607097686248935,2.450785357600255e-10,Cytoplasm_Correlation_Correlation_DNA_Mito,9.610694723057078,203
"DMSO, PND-1186",-27.932822103792255,2.543813677354502e-13,Cytoplasm_Correlation_Correlation_DNA_RNA,12.594514701930931,204
"DMSO, PND-1186",-17.369369329705695,3.3873047870550877e-08,Cytoplasm_Correlation_Correlation_ER_AGP,7.470145724116856,205
"DMSO, PND-1186",-22.063350693099814,3.6802320480851858e-34,Cytoplasm_Correlation_Correlation_ER_RNA,33.43412479708036,206
"DMSO, PND-1186",-10.21800457941838,5.7864952436293926e-08,Cytoplasm_Correlation_Correlation_Mito_AGP,7.237584399521222,207
"DMSO, PND-1186",2.94620205152542,0.008875021434697018,Cytoplasm_Correlation_Correlation_Mito_ER,2.051830589376035,208
"DMSO, PND-1186",-4.423206456590637,8.638700814781211e-05,Cytoplasm_Correlation_Correlation_Mito_RNA,4.063551566710565,209
"DMSO, PND-1186",-18.202617402797884,1.6482183396383103e-10,Cytoplasm_Correlation_Correlation_RNA_AGP,9.782985257797174,210
"DMSO, PND-1186",-14.417298220934086,1.063526147689204e-08,Cytoplasm_Correlation_K_AGP_DNA,7.973251828133101,211
"DMSO, PND-1186",1.7307790774589729,0.12222990576952021,Cytoplasm_Correlation_K_AGP_ER,0.9128225230485725,212
"DMSO, PND-1186",-3.157261826739807,0.0020353169553514404,Cytoplasm_Correlation_K_AGP_Mito,2.6913679494650666,213
"DMSO, PND-1186",-1.1623507314599715,0.2741859659541116,Cytoplasm_Correlation_K_DNA_ER,0.5619547780828577,214
"DMSO, PND-1186",-5.374299953305203,2.5970502375685008e-05,Cytoplasm_Correlation_K_DNA_Mito,4.585519649258738,215
"DMSO, PND-1186",3.769890289859011,0.0044648133807740145,Cytoplasm_Correlation_K_DNA_RNA,2.3501966889353105,216
"DMSO, PND-1186",-8.578750476796317,3.5649465952327194e-06,Cytoplasm_Correlation_K_ER_DNA,5.447946971722203,217
"DMSO, PND-1186",11.525800937453553,7.115219201507182e-10,Cytoplasm_Correlation_K_Mito_AGP,9.147811715883481,218
"DMSO, PND-1186",13.628083057745044,2.1114703456889692e-11,Cytoplasm_Correlation_K_Mito_ER,10.675415013596915,219
"DMSO, PND-1186",13.706966900619337,3.102530870902123e-09,Cytoplasm_Correlation_K_Mito_RNA,8.508283888476859,220
"DMSO, PND-1186",-13.796627999916607,3.8764150192372446e-07,Cytoplasm_Correlation_K_RNA_DNA,6.411569732417,221
"DMSO, PND-1186",-5.433038740622331,5.466282226740854e-06,Cytoplasm_Correlation_K_RNA_Mito,5.2623079492346525,222
"DMSO, PND-1186",19.26176053131181,2.9021153558051502e-08,Cytoplasm_Correlation_Overlap_DNA_AGP,7.537285328840412,223
"DMSO, PND-1186",10.732095024435985,3.7751170111241903e-06,Cytoplasm_Correlation_Overlap_DNA_ER,5.42306958271082,224
"DMSO, PND-1186",15.363866548109069,3.816567756298364e-07,Cytoplasm_Correlation_Overlap_DNA_Mito,6.418327023096275,225
"DMSO, PND-1186",15.354765902631272,9.032319808615836e-08,Cytoplasm_Correlation_Overlap_DNA_RNA,7.044200693685145,226
"DMSO, PND-1186",8.292464713362795,9.104235190035239e-06,Cytoplasm_Correlation_Overlap_ER_AGP,5.040756531659112,227
"DMSO, PND-1186",-9.218070116494067,2.6286695206588425e-05,Cytoplasm_Correlation_Overlap_ER_RNA,4.5802640104611365,228
"DMSO, PND-1186",17.311902528873063,3.36855244005595e-08,Cytoplasm_Correlation_Overlap_Mito_ER,7.472556687364396,229
"DMSO, PND-1186",30.663319898397635,1.1109569248360159e-12,Cytoplasm_Correlation_Overlap_Mito_RNA,11.954302779644813,230
"DMSO, PND-1186",16.231893433026837,5.67438445333363e-07,Cytoplasm_Correlation_Overlap_RNA_AGP,6.246081243036986,231
"DMSO, PND-1186",9.555675854625175,2.185868170795437e-05,Cytoplasm_Granularity_1_AGP,4.66037603379643,232
"DMSO, PND-1186",7.965655128698368,2.9935208278253006e-05,Cytoplasm_Granularity_1_Mito,4.523817715845294,233
"DMSO, PND-1186",36.56936561651156,1.2859025585507228e-10,Cytoplasm_Granularity_1_RNA,9.890791939566586,234
"DMSO, PND-1186",9.181134190918351,5.129174615595323e-06,Cytoplasm_Granularity_2_ER,5.2899525157327165,235
"DMSO, PND-1186",-1.752684478797052,0.11331209977179597,Cytoplasm_Granularity_2_Mito,0.9457237125236371,236
"DMSO, PND-1186",6.825342927195218,6.000874644514006e-05,Cytoplasm_Granularity_2_RNA,4.221785445349295,237
"DMSO, PND-1186",2.6377588060838257,0.022216164435255575,Cytoplasm_Granularity_3_AGP,1.6533309187700496,238
"DMSO, PND-1186",14.331622964634143,1.690428984875878e-08,Cytoplasm_Granularity_3_RNA,7.772003069278192,239
"DMSO, PND-1186",-0.5938479434857138,0.5629067861612012,Cytoplasm_Granularity_4_AGP,0.24956351564145376,240
"DMSO, PND-1186",25.824146067258518,5.662275590809534e-13,Cytoplasm_Granularity_4_ER,12.24700899674147,241
"DMSO, PND-1186",21.548153256773926,1.2318522663733288e-09,Cytoplasm_Granularity_4_Mito,8.909441373134245,242
"DMSO, PND-1186",2.617026594964991,0.024482486767543565,Cytoplasm_Granularity_5_AGP,1.6111444715521697,243
"DMSO, PND-1186",21.078741316001715,1.9463856009597514e-10,Cytoplasm_Granularity_5_ER,9.710771116904434,244
"DMSO, PND-1186",27.07711396689936,9.779716216203179e-12,Cytoplasm_Granularity_5_Mito,11.009673747208835,245
"DMSO, PND-1186",13.747373382858973,3.650673770035127e-07,Cytoplasm_Granularity_5_RNA,6.437626974556094,246
"DMSO, PND-1186",16.810875652551204,6.332505537027216e-08,Cytoplasm_Granularity_6_AGP,7.198424421798083,247
"DMSO, PND-1186",21.158629484798393,2.127745817644616e-11,Cytoplasm_Granularity_6_ER,10.672080254472723,248
"DMSO, PND-1186",19.56842134490689,5.3768669730489946e-09,Cytoplasm_Granularity_6_Mito,8.269470708098932,249
"DMSO, PND-1186",25.12871079168819,1.8459621838909474e-10,Cytoplasm_Granularity_6_RNA,9.733777200111684,250
"DMSO, PND-1186",35.63983810639445,5.2738753581715684e-11,Cytoplasm_Granularity_7_AGP,10.277870138459528,251
"DMSO, PND-1186",17.507265781605966,4.660881258849904e-09,Cytoplasm_Granularity_7_ER,8.33153196106294,252
"DMSO, PND-1186",11.46109688628115,4.451950400004625e-06,Cytoplasm_Granularity_7_Mito,5.351449682864797,253
"DMSO, PND-1186",35.23911697585024,5.519695639110205e-12,Cytoplasm_Granularity_7_RNA,11.258084868991672,254
"DMSO, PND-1186",42.990664390213254,6.1089219178835334e-12,Cytoplasm_Granularity_8_AGP,11.21403542583362,255
"DMSO, PND-1186",11.067692906745444,5.984682008805914e-06,Cytoplasm_Granularity_8_ER,5.222958920527375,256
"DMSO, PND-1186",12.425821503660758,1.6841338329955318e-06,Cytoplasm_Granularity_9_ER,5.773623399402896,257
"DMSO, PND-1186",-31.431549711291147,5.3100079861784214e-12,Cytoplasm_Intensity_IntegratedIntensityEdge_AGP,11.274904825745157,258
"DMSO, PND-1186",-14.545928907959123,4.279490088615381e-07,Cytoplasm_Intensity_IntegratedIntensityEdge_ER,6.368607975120782,259
"DMSO, PND-1186",-18.19015009301475,2.0104100816829166e-11,Cytoplasm_Intensity_IntegratedIntensityEdge_Mito,10.696715346536312,260
"DMSO, PND-1186",-8.6349631397042,6.123634399600418e-06,Cytoplasm_Intensity_IntegratedIntensityEdge_RNA,5.212990745958069,261
"DMSO, PND-1186",-28.460265476540933,1.0168590102448661e-08,Cytoplasm_Intensity_IntegratedIntensity_AGP,7.992739258795422,262
"DMSO, PND-1186",-20.740329667306092,1.261790361008854e-07,Cytoplasm_Intensity_IntegratedIntensity_DNA,6.899012794552998,263
"DMSO, PND-1186",-21.380924207551736,1.9530638983968266e-08,Cytoplasm_Intensity_IntegratedIntensity_Mito,7.709283547665971,264
"DMSO, PND-1186",9.627428009391673,8.497774405858061e-07,Cytoplasm_Intensity_MADIntensity_AGP,6.0706948024994425,265
"DMSO, PND-1186",31.558434953491563,2.122880338951247e-12,Cytoplasm_Intensity_MADIntensity_DNA,11.673074485154677,266
"DMSO, PND-1186",19.96141479280759,1.7904579527022747e-16,Cytoplasm_Intensity_MADIntensity_ER,15.747035873548365,267
"DMSO, PND-1186",-1.4395192138566053,0.1547253356315467,Cytoplasm_Intensity_MADIntensity_Mito,0.810438566558751,268
"DMSO, PND-1186",-0.9553972784446436,0.36773846002406513,Cytoplasm_Intensity_MADIntensity_RNA,0.434460946952589,269
"DMSO, PND-1186",-23.263057055400367,6.148517337334171e-08,Cytoplasm_Intensity_MassDisplacement_AGP,7.211229598020523,270
"DMSO, PND-1186",-20.844164175085965,1.2952127359697556e-07,Cytoplasm_Intensity_MassDisplacement_DNA,6.887658893768123,271
"DMSO, PND-1186",-33.65626465235941,2.407199529196619e-09,Cytoplasm_Intensity_MassDisplacement_ER,8.618487910207877,272
"DMSO, PND-1186",-27.228996134948932,1.568330175592137e-08,Cytoplasm_Intensity_MassDisplacement_RNA,7.804562501382077,273
"DMSO, PND-1186",-9.585768072882274,1.011107511769318e-06,Cytoplasm_Intensity_MaxIntensityEdge_ER,5.995202663117523,274
"DMSO, PND-1186",-4.352297298407305,0.0015484057081930323,Cytoplasm_Intensity_StdIntensityEdge_AGP,2.810115236324817,275
"DMSO, PND-1186",-13.85405211717964,2.3851123210264536e-08,Cytoplasm_Intensity_StdIntensityEdge_ER,7.622491164106728,276
"DMSO, PND-1186",-10.310226750655405,9.229356732602203e-06,Cytoplasm_Intensity_StdIntensityEdge_RNA,5.034828567361596,277
"DMSO, PND-1186",7.325599185348443,2.158655546493652e-07,Cytoplasm_Intensity_StdIntensity_AGP,6.6658166518722135,278
"DMSO, PND-1186",13.84988391757293,1.5667486025007023e-08,Cytoplasm_Intensity_StdIntensity_DNA,7.8050006840072825,279
"DMSO, PND-1186",5.847072997597233,1.654412682051026e-05,Cytoplasm_Intensity_StdIntensity_ER,4.781356149449504,280
"DMSO, PND-1186",42.54409718676151,9.901351961427417e-18,Cytoplasm_Intensity_UpperQuartileIntensity_DNA,17.00430550143273,281
"DMSO, PND-1186",-0.1457398821771686,0.8880591791064507,Cytoplasm_RadialDistribution_FracAtD_AGP_1of4,0.05155809243872938,282
"DMSO, PND-1186",17.925192297271803,1.0367003472572329e-07,Cytoplasm_RadialDistribution_FracAtD_ER_1of4,6.9843467559915196,283
"DMSO, PND-1186",-8.440229866291258,3.734251120285795e-05,Cytoplasm_RadialDistribution_MeanFrac_AGP_1of4,4.42779648004326,284
"DMSO, PND-1186",-7.377227812481206,8.089309560653042e-05,Cytoplasm_RadialDistribution_MeanFrac_AGP_4of4,4.092088544740594,285
"DMSO, PND-1186",32.21603688452119,1.4493552240653872e-11,Cytoplasm_RadialDistribution_MeanFrac_ER_2of4,10.838825159770673,286
"DMSO, PND-1186",54.28093333377899,1.0529566855238693e-24,Cytoplasm_RadialDistribution_MeanFrac_ER_3of4,23.977589493605468,287
"DMSO, PND-1186",-42.64446103644163,9.686153268227921e-15,Cytoplasm_RadialDistribution_MeanFrac_ER_4of4,14.013848663204099,288
"DMSO, PND-1186",33.17419918200942,7.124058805293856e-13,Cytoplasm_RadialDistribution_MeanFrac_Mito_2of4,12.14727250432541,289
"DMSO, PND-1186",6.343009234577546,0.0003446414093309262,Cytoplasm_RadialDistribution_MeanFrac_RNA_1of4,3.462632542432156,290
"DMSO, PND-1186",23.112543201971825,4.292094292098461e-09,Cytoplasm_RadialDistribution_MeanFrac_RNA_3of4,8.367330745679006,291
"DMSO, PND-1186",-12.563924121854413,3.0119670041321328e-06,Cytoplasm_RadialDistribution_MeanFrac_RNA_4of4,5.521149790108067,292
"DMSO, PND-1186",-5.9653267732535395,0.00034901423666903314,Cytoplasm_RadialDistribution_RadialCV_AGP_1of4,3.457156857336819,293
"DMSO, PND-1186",6.7966078592782635,4.3083819335936595e-05,Cytoplasm_RadialDistribution_RadialCV_AGP_2of4,4.36568580391171,294
"DMSO, PND-1186",16.340211926291673,9.052542667925238e-11,Cytoplasm_RadialDistribution_RadialCV_AGP_3of4,10.043229419518317,295
"DMSO, PND-1186",-10.959271517679289,4.944675682517752e-06,Cytoplasm_RadialDistribution_RadialCV_AGP_4of4,5.30586218817437,296
"DMSO, PND-1186",-9.859095362010063,1.2717454594307947e-06,Cytoplasm_RadialDistribution_RadialCV_ER_1of4,5.895599804274686,297
"DMSO, PND-1186",-35.79961002414295,5.223883746229088e-13,Cytoplasm_RadialDistribution_RadialCV_ER_4of4,12.282006496536388,298
"DMSO, PND-1186",-8.625578579426683,2.661189308635032e-05,Cytoplasm_RadialDistribution_RadialCV_Mito_1of4,4.57492423000659,299
"DMSO, PND-1186",4.904658710129942,0.0008442091489593047,Cytoplasm_RadialDistribution_RadialCV_Mito_3of4,3.0735499455706052,300
"DMSO, PND-1186",-27.402849427040042,7.53736709885105e-12,Cytoplasm_RadialDistribution_RadialCV_Mito_4of4,11.122780332396665,301
"DMSO, PND-1186",-24.552338819085683,1.1344507138766415e-09,Cytoplasm_RadialDistribution_RadialCV_RNA_1of4,8.945214367259315,302
"DMSO, PND-1186",-29.021360547478963,6.8670359228792594e-12,Cytoplasm_RadialDistribution_RadialCV_RNA_3of4,11.16323068071597,303
"DMSO, PND-1186",-33.06508605785548,1.8543057122921855e-10,Cytoplasm_RadialDistribution_RadialCV_RNA_4of4,9.731818663818073,304
"DMSO, PND-1186",-16.179413081417028,5.691325169186538e-07,Cytoplasm_Texture_AngularSecondMoment_AGP_20_0,6.244786600624481,305
"DMSO, PND-1186",-25.63997334958243,8.488016800167132e-09,Cytoplasm_Texture_AngularSecondMoment_DNA_20_0,8.071193769515215,306
"DMSO, PND-1186",34.28122639081697,1.1126695044713537e-13,Cytoplasm_Texture_Contrast_Mito_10_0,12.95363381472993,307
"DMSO, PND-1186",39.73032081035815,1.1413388012849415e-12,Cytoplasm_Texture_Contrast_Mito_20_0,11.942585418081787,308
"DMSO, PND-1186",-25.914803461177282,3.4926772910074383e-09,Cytoplasm_Texture_Correlation_AGP_20_0,8.456841539529604,309
"DMSO, PND-1186",0.4576032091866085,0.6603938626639282,Cytoplasm_Texture_Correlation_AGP_5_0,0.18019697148370636,310
"DMSO, PND-1186",-8.73807650277688,2.8425729982391866e-05,Cytoplasm_Texture_Correlation_DNA_10_0,4.546288373667354,311
"DMSO, PND-1186",-9.191433746152683,1.3075194145008876e-05,Cytoplasm_Texture_Correlation_Mito_20_0,4.883551853858006,312
"DMSO, PND-1186",6.629999728987925,0.0001922138023993566,Cytoplasm_Texture_Correlation_Mito_5_0,3.716215429931499,313
"DMSO, PND-1186",35.31880931558547,4.863451985342422e-10,Cytoplasm_Texture_DifferenceEntropy_AGP_20_0,9.313055367359954,314
"DMSO, PND-1186",36.277709364884224,1.0425178890765287e-09,Cytoplasm_Texture_DifferenceEntropy_DNA_20_0,8.981916484017932,315
"DMSO, PND-1186",35.736686907283655,1.474155435008201e-10,Cytoplasm_Texture_DifferenceEntropy_ER_20_0,9.831456722035048,316
"DMSO, PND-1186",35.840080383650545,9.12296474723413e-10,Cytoplasm_Texture_DifferenceEntropy_RNA_20_0,9.03986400332444,317
"DMSO, PND-1186",48.480590844932216,2.353430809559669e-18,Cytoplasm_Texture_DifferenceVariance_AGP_20_0,17.62829856534895,318
"DMSO, PND-1186",65.84980631985623,5.1706782533176667e-17,Cytoplasm_Texture_DifferenceVariance_DNA_5_0,16.286452485464455,319
"DMSO, PND-1186",36.37803212911489,3.4201640363439127e-11,Cytoplasm_Texture_DifferenceVariance_ER_20_0,10.465953064010948,320
"DMSO, PND-1186",37.693781497929145,4.162880551095588e-11,Cytoplasm_Texture_DifferenceVariance_Mito_20_0,10.380606050497875,321
"DMSO, PND-1186",21.560948502078613,1.2341805185637214e-09,Cytoplasm_Texture_DifferenceVariance_Mito_5_0,8.908621313169608,322
"DMSO, PND-1186",39.85353088066733,2.130085669401623e-11,Cytoplasm_Texture_DifferenceVariance_RNA_20_0,10.671602929425019,323
"DMSO, PND-1186",36.64716615657936,1.6412783149284573e-09,Cytoplasm_Texture_Entropy_RNA_20_0,8.784817768496609,324
"DMSO, PND-1186",45.18936472350811,1.0412853953032782e-11,Cytoplasm_Texture_Gabor_AGP_5,10.982430222825363,325
"DMSO, PND-1186",57.36072030270928,6.16766163736639e-13,Cytoplasm_Texture_Gabor_DNA_10,12.20987946003094,326
"DMSO, PND-1186",50.52053944770307,9.146357665231592e-12,Cytoplasm_Texture_Gabor_DNA_20,11.038751819684038,327
"DMSO, PND-1186",42.17374923725778,6.729725685496912e-12,Cytoplasm_Texture_Gabor_Mito_10,11.172002637960718,328
"DMSO, PND-1186",39.40969003483127,1.1580402353620093e-10,Cytoplasm_Texture_Gabor_Mito_5,9.936276351064427,329
"DMSO, PND-1186",36.33955797802528,1.7596627313195136e-10,Cytoplasm_Texture_Gabor_RNA_5,9.754570563983032,330
"DMSO, PND-1186",10.625645041158226,9.005159445176749e-06,Cytoplasm_Texture_InfoMeas1_AGP_20_0,5.045508593166781,331
"DMSO, PND-1186",10.247499288283334,1.169534714326092e-05,Cytoplasm_Texture_InfoMeas1_AGP_5_0,4.931986882861656,332
"DMSO, PND-1186",10.39787998786626,1.0373272735815071e-05,Cytoplasm_Texture_InfoMeas1_DNA_10_0,4.9840842034114585,333
"DMSO, PND-1186",6.817768388690852,0.00021893281168928094,Cytoplasm_Texture_InfoMeas1_DNA_20_0,3.659689145386308,334
"DMSO, PND-1186",-0.7856301069755954,0.45531147466908695,Cytoplasm_Texture_InfoMeas1_Mito_10_0,0.34169140455086916,335
"DMSO, PND-1186",-4.916850179679598,0.001256409191494095,Cytoplasm_Texture_InfoMeas1_Mito_20_0,2.9008688951002086,336
"DMSO, PND-1186",-0.18173442692579717,0.8604030251019494,Cytoplasm_Texture_InfoMeas1_Mito_5_0,0.06529807134039298,337
"DMSO, PND-1186",20.87432688024274,5.799124846912578e-08,Cytoplasm_Texture_InfoMeas1_RNA_20_0,7.236637541408438,338
"DMSO, PND-1186",0.762224932359631,0.46987793869319905,Cytoplasm_Texture_InfoMeas2_AGP_10_0,0.32801494512117585,339
"DMSO, PND-1186",0.7241285510971257,0.4910532441288814,Cytoplasm_Texture_InfoMeas2_AGP_20_0,0.3088714154581065,340
"DMSO, PND-1186",4.242249120154841,0.0035206179412645925,Cytoplasm_Texture_InfoMeas2_AGP_5_0,2.453381102167362,341
"DMSO, PND-1186",3.231606072099768,0.012551332382403657,Cytoplasm_Texture_InfoMeas2_DNA_10_0,1.9013101693533332,342
"DMSO, PND-1186",5.417633544394911,0.0008169933517908551,Cytoplasm_Texture_InfoMeas2_DNA_20_0,3.0877814774850796,343
"DMSO, PND-1186",4.024765859581094,0.002340806872131075,Cytoplasm_Texture_InfoMeas2_ER_20_0,2.63063441621696,344
"DMSO, PND-1186",5.723723296245405,0.0002244016027342821,Cytoplasm_Texture_InfoMeas2_ER_5_0,3.6489740455612907,345
"DMSO, PND-1186",16.629744869391747,3.224351908804811e-07,Cytoplasm_Texture_InfoMeas2_Mito_5_0,6.491557564971276,346
"DMSO, PND-1186",-20.580392267109307,7.38479637973166e-10,Cytoplasm_Texture_InfoMeas2_RNA_10_0,9.13166147494622,347
"DMSO, PND-1186",-14.017441898610201,5.00473433545191e-07,Cytoplasm_Texture_InfoMeas2_RNA_20_0,6.300618971073667,348
"DMSO, PND-1186",-29.75626266770383,7.279659662115812e-12,Cytoplasm_Texture_InverseDifferenceMoment_Mito_5_0,11.137888924302368,349
"DMSO, PND-1186",-37.578087189259136,1.51265777467545e-10,Cytoplasm_Texture_InverseDifferenceMoment_RNA_10_0,9.82025931611526,350
"DMSO, PND-1186",-29.530153836930424,6.470881663640925e-09,Cytoplasm_Texture_InverseDifferenceMoment_RNA_20_0,8.189036542272936,351
"DMSO, PND-1186",16.133913694915964,5.011389205110676e-08,Cytoplasm_Texture_SumAverage_AGP_5_0,7.300041866850827,352
"DMSO, PND-1186",55.51082532397247,6.927211960555579e-14,Cytoplasm_Texture_SumAverage_RNA_10_0,13.15944152350921,353
"DMSO, PND-1186",40.81857313879265,1.2979504928626663e-13,Cytoplasm_Texture_SumEntropy_ER_20_0,12.886741872317312,354
"DMSO, PND-1186",24.737760744217052,3.763886898448756e-09,Cytoplasm_Texture_SumVariance_AGP_10_0,8.424363435222887,355
"DMSO, PND-1186",29.432650177137376,3.5946101531820636e-13,Cytoplasm_Texture_SumVariance_ER_20_0,12.444348203334645,356
"DMSO, PND-1186",20.440671359907622,1.1055428410066971e-08,Cytoplasm_Texture_SumVariance_RNA_20_0,7.956424423368118,357
"DMSO, PND-1186",33.566930059282356,6.791234011919821e-13,Cytoplasm_Texture_Variance_ER_20_0,12.168051304383132,358
"DMSO, PND-1186",49.84957059931614,7.132702594347781e-13,Cytoplasm_Texture_Variance_Mito_20_0,12.146745883974042,359
"DMSO, PND-1186",32.05656465690853,1.5113807895641325e-09,Cytoplasm_Texture_Variance_RNA_10_0,8.820626102191893,360
"DMSO, PND-1186",-59.51933867652708,3.646658817791773e-11,Nuclei_AreaShape_Compactness,10.438104867473637,361
"DMSO, PND-1186",-28.755723852554052,4.4481954069000245e-09,Nuclei_AreaShape_Eccentricity,8.351816142677267,362
"DMSO, PND-1186",34.957333829861724,2.990885579407526e-09,Nuclei_AreaShape_Extent,8.524200201205538,363
"DMSO, PND-1186",49.87397233564088,2.1253863968573836e-10,Nuclei_AreaShape_FormFactor,9.672562103369874,364
"DMSO, PND-1186",-40.215646988467356,1.2298149673720988e-09,Nuclei_AreaShape_Perimeter,8.910160225710337,365
"DMSO, PND-1186",24.98022362308573,2.0059408432046366e-08,Nuclei_AreaShape_Solidity,7.697681878817406,366
"DMSO, PND-1186",81.62363588473151,1.3437791023897289e-12,Nuclei_AreaShape_Zernike_0_0,11.87167211706932,367
"DMSO, PND-1186",-11.722286050589084,5.392907605839651e-06,Nuclei_AreaShape_Zernike_1_1,5.2681770202120655,368
"DMSO, PND-1186",15.050663710795357,9.131480979733182e-07,Nuclei_AreaShape_Zernike_2_2,6.039458781155048,369
"DMSO, PND-1186",-31.656406850651326,4.4833655011538915e-09,Nuclei_AreaShape_Zernike_3_1,8.348395854338817,370
"DMSO, PND-1186",-9.700421725483558,2.1466772282726383e-05,Nuclei_AreaShape_Zernike_3_3,4.668233250635048,371
"DMSO, PND-1186",41.12268617136212,3.972969957134841e-10,Nuclei_AreaShape_Zernike_4_0,9.400884718986894,372
"DMSO, PND-1186",-24.56818203811492,2.5041579252219047e-08,Nuclei_AreaShape_Zernike_4_4,7.601338285729306,373
"DMSO, PND-1186",-5.149709361976804,0.0012213002444681825,Nuclei_AreaShape_Zernike_5_1,2.9131775559680206,374
"DMSO, PND-1186",-6.509324043590714,0.0002615862389231856,Nuclei_AreaShape_Zernike_5_3,3.582385106360461,375
"DMSO, PND-1186",-13.615042324322406,2.011324787972143e-06,Nuclei_AreaShape_Zernike_5_5,5.696517794030392,376
"DMSO, PND-1186",5.000653898464217,0.0013944369410035672,Nuclei_AreaShape_Zernike_6_0,2.8556011205470186,377
"DMSO, PND-1186",23.961613236118694,3.3468949490605315e-08,Nuclei_AreaShape_Zernike_6_2,7.475357918881937,378
"DMSO, PND-1186",-1.0702492470265232,0.31909736937276945,Nuclei_AreaShape_Zernike_6_4,0.49607677609981266,379
"DMSO, PND-1186",-93.46470640622864,1.0349547486808635e-13,Nuclei_AreaShape_Zernike_6_6,12.985078638446508,380
"DMSO, PND-1186",-10.526786697229364,1.2768502325461568e-05,Nuclei_AreaShape_Zernike_7_3,4.893860040084451,381
"DMSO, PND-1186",-17.10581240183705,3.02500981233173e-07,Nuclei_AreaShape_Zernike_7_5,6.519273212272797,382
"DMSO, PND-1186",-31.884480941396944,2.157074275270789e-09,Nuclei_AreaShape_Zernike_7_7,8.666134900430661,383
"DMSO, PND-1186",-9.891321454023494,1.809893357112567e-05,Nuclei_AreaShape_Zernike_8_0,4.742347013960646,384
"DMSO, PND-1186",3.746563078063285,0.006924806899763239,Nuclei_AreaShape_Zernike_8_2,2.159592332521497,385
"DMSO, PND-1186",-6.499763667216296,0.00027353892107278926,Nuclei_AreaShape_Zernike_8_4,3.5629808704108776,386
"DMSO, PND-1186",45.69892868089377,1.3935419136607647e-10,Nuclei_AreaShape_Zernike_8_6,9.855879964447743,387
"DMSO, PND-1186",-41.066742505757354,1.0194130506882935e-09,Nuclei_AreaShape_Zernike_8_8,8.991649810804569,388
"DMSO, PND-1186",-10.788122468627543,1.0865794074297285e-05,Nuclei_AreaShape_Zernike_9_5,4.963938529860352,389
"DMSO, PND-1186",-19.9620559665488,1.1397317395423318e-07,Nuclei_AreaShape_Zernike_9_7,6.943197357212889,390
"DMSO, PND-1186",-23.375396291453228,4.47761373198929e-08,Nuclei_AreaShape_Zernike_9_9,7.3489533742007485,391
"DMSO, PND-1186",-9.297442541923719,7.025584174707553e-07,Nuclei_Correlation_Correlation_DNA_ER,6.15331755849705,392
"DMSO, PND-1186",1.0050128741409747,0.3445375720342152,Nuclei_Correlation_Correlation_DNA_Mito,0.4627634110933832,393
"DMSO, PND-1186",-4.532327982653458,0.0020421304827588534,Nuclei_Correlation_Correlation_DNA_RNA,2.689916511939753,394
"DMSO, PND-1186",-1.5767052525653729,0.1564902588591698,Nuclei_Correlation_Correlation_ER_RNA,0.8055126910592401,395
"DMSO, PND-1186",8.121570304944818,4.0782135114863723e-08,Nuclei_Correlation_Correlation_Mito_ER,7.389530040835222,396
"DMSO, PND-1186",3.2511641547325767,0.011922723972138111,Nuclei_Correlation_Correlation_Mito_RNA,1.92362451045836,397
"DMSO, PND-1186",-16.217842268099847,6.77374838522969e-09,Nuclei_Correlation_Correlation_RNA_AGP,8.16917093950949,398
"DMSO, PND-1186",-13.714503352592637,4.42363829237568e-07,Nuclei_Correlation_K_AGP_ER,6.354220391207748,399
"DMSO, PND-1186",-8.266443727196696,4.705166867654613e-05,Nuclei_Correlation_K_AGP_RNA,4.327424969810257,400
"DMSO, PND-1186",-0.3589171694368526,0.729616352828368,Nuclei_Correlation_K_DNA_RNA,0.13690544076580316,401
"DMSO, PND-1186",14.676263670633539,6.479581027568e-08,Nuclei_Correlation_K_ER_AGP,7.188453074885253,402
"DMSO, PND-1186",2.0393468705325257,0.06524415923935728,Nuclei_Correlation_K_ER_DNA,1.1854583609805556,403
"DMSO, PND-1186",-0.4610146854084047,0.6453676014520462,Nuclei_Correlation_K_ER_Mito,0.1901928407043076,404
"DMSO, PND-1186",0.16003754722783226,0.8770365993178585,Nuclei_Correlation_K_RNA_DNA,0.05698228285958003,405
"DMSO, PND-1186",17.84774922911571,2.600297996747637e-07,Nuclei_Correlation_Overlap_DNA_AGP,6.58497687859568,406
"DMSO, PND-1186",8.201928146476895,1.5343325850982124e-05,Nuclei_Correlation_Overlap_DNA_ER,4.814080491614389,407
"DMSO, PND-1186",12.69607990914376,2.84348242583803e-06,Nuclei_Correlation_Overlap_DNA_Mito,5.5461494515634415,408
"DMSO, PND-1186",10.58424762478323,6.869497986077054e-06,Nuclei_Correlation_Overlap_DNA_RNA,5.163074999453223,409
"DMSO, PND-1186",4.30362927429973,0.001424347994142792,Nuclei_Correlation_Overlap_ER_AGP,2.846383891687713,410
"DMSO, PND-1186",8.601193236483216,3.6351843085240745e-05,Nuclei_Correlation_Overlap_ER_RNA,4.439473564957415,411
"DMSO, PND-1186",24.85115097914795,2.338334407050002e-10,Nuclei_Correlation_Overlap_Mito_AGP,9.631093379935846,412
"DMSO, PND-1186",16.453655087352193,3.2899391700220946e-08,Nuclei_Correlation_Overlap_Mito_ER,7.482812131949104,413
"DMSO, PND-1186",27.90245992660072,2.3075807821757524e-12,Nuclei_Correlation_Overlap_RNA_AGP,11.63684308655814,414
"DMSO, PND-1186",-3.601535096265919,0.00377888779787451,Nuclei_Granularity_10_ER,2.4226360028930873,415
"DMSO, PND-1186",-17.943465965576877,1.4379419157524997e-09,Nuclei_Granularity_10_RNA,8.842258656496705,416
"DMSO, PND-1186",-10.086315393141101,2.0591292745077056e-06,Nuclei_Granularity_11_ER,5.686316387018228,417
"DMSO, PND-1186",-27.647814777208325,1.667140543859228e-10,Nuclei_Granularity_11_RNA,9.778027786584918,418
"DMSO, PND-1186",-24.17803815265334,1.112453888539042e-10,Nuclei_Granularity_12_ER,9.953717981576766,419
"DMSO, PND-1186",-40.95423069011538,5.256140243502139e-12,Nuclei_Granularity_12_RNA,11.279333055517046,420
"DMSO, PND-1186",-36.47841532981105,2.0999129872836186e-09,Nuclei_Granularity_13_AGP,8.677798700468696,421
"DMSO, PND-1186",-26.114979087570656,2.6578202780873093e-08,Nuclei_Granularity_13_DNA,7.575474389410536,422
"DMSO, PND-1186",-27.457444074521486,2.227470319735749e-09,Nuclei_Granularity_13_ER,8.652188074074864,423
"DMSO, PND-1186",-27.379926667619973,6.522198481087236e-09,Nuclei_Granularity_13_Mito,8.18560598904289,424
"DMSO, PND-1186",-41.743380179185905,6.49933083479558e-11,Nuclei_Granularity_13_RNA,10.187131355621139,425
"DMSO, PND-1186",12.605953096134966,1.8094068460663992e-06,Nuclei_Granularity_1_AGP,5.742463770820893,426
"DMSO, PND-1186",32.898195251650854,1.3881095678653287e-10,Nuclei_Granularity_1_DNA,9.857576252295248,427
"DMSO, PND-1186",45.491767678977986,1.1511168758902556e-14,Nuclei_Granularity_1_ER,13.938880579083245,428
"DMSO, PND-1186",33.10542703842823,1.7023521409270302e-12,Nuclei_Granularity_1_Mito,11.768950598750333,429
"DMSO, PND-1186",-11.154127119061013,6.513804783433558e-06,Nuclei_Granularity_2_AGP,5.186165261237527,430
"DMSO, PND-1186",0.11215084114077438,0.913514271291324,Nuclei_Granularity_2_DNA,0.03928466353349266,431
"DMSO, PND-1186",-21.71630648998321,5.037079379159598e-08,Nuclei_Granularity_2_ER,7.2978212050566516,432
"DMSO, PND-1186",-48.22938291669539,1.4323793397100295e-12,Nuclei_Granularity_2_Mito,11.84394195177256,433
"DMSO, PND-1186",-12.154473078261606,3.404459431852946e-06,Nuclei_Granularity_2_RNA,5.4679518365854705,434
"DMSO, PND-1186",0.1433404740325272,0.8893446620703852,Nuclei_Granularity_3_AGP,0.05092989726752121,435
"DMSO, PND-1186",16.224256659070196,2.4083996510391226e-07,Nuclei_Granularity_3_DNA,6.618271444391229,436
"DMSO, PND-1186",-18.741271727288005,6.469742738249788e-08,Nuclei_Granularity_3_ER,7.1891129881999,437
"DMSO, PND-1186",-18.521053784389117,1.4311015638834107e-07,Nuclei_Granularity_3_Mito,6.844329543690318,438
"DMSO, PND-1186",-34.36390581343222,1.546174355272161e-11,Nuclei_Granularity_3_RNA,10.810741534180282,439
"DMSO, PND-1186",11.244494489585065,3.194223309397914e-06,Nuclei_Granularity_4_AGP,5.4956347254395,440
"DMSO, PND-1186",23.024394785337744,4.3885974813688554e-08,Nuclei_Granularity_4_DNA,7.357674250468974,441
"DMSO, PND-1186",-7.887650561823447,4.089132814058823e-05,Nuclei_Granularity_4_ER,4.38836878343536,442
"DMSO, PND-1186",-13.136896461414889,1.1900758416639836e-06,Nuclei_Granularity_4_RNA,5.9244253608204,443
"DMSO, PND-1186",15.28376739209798,1.5674193233405278e-07,Nuclei_Granularity_5_AGP,6.804814803498661,444
"DMSO, PND-1186",32.434400041869246,2.5256015733199e-09,Nuclei_Granularity_5_DNA,8.597635160572626,445
"DMSO, PND-1186",-4.147288810419386,0.0036401295716665272,Nuclei_Granularity_5_ER,2.43888315721406,446
"DMSO, PND-1186",19.83143828879351,2.2230405705266564e-09,Nuclei_Granularity_6_AGP,8.65305261134731,447
"DMSO, PND-1186",40.850479146005604,4.4583243212500504e-10,Nuclei_Granularity_6_DNA,9.350828341910956,448
"DMSO, PND-1186",-2.6642388792172804,0.02372107528560308,Nuclei_Granularity_6_RNA,1.6248656281231504,449
"DMSO, PND-1186",28.813471204503763,4.056557779392335e-12,Nuclei_Granularity_7_AGP,11.39184233378879,450
"DMSO, PND-1186",35.013589673803175,1.9680324194076823e-09,Nuclei_Granularity_7_DNA,8.705967751710624,451
"DMSO, PND-1186",-5.275566702346699,0.00022143024131967217,Nuclei_Granularity_7_ER,3.6547630666489392,452
"DMSO, PND-1186",25.321573836250977,3.530193430631182e-10,Nuclei_Granularity_8_AGP,9.452201497571318,453
"DMSO, PND-1186",5.024884510835701,0.0013170877447741078,Nuclei_Granularity_8_DNA,2.880385291247912,454
"DMSO, PND-1186",8.457012189110975,3.174470444282811e-05,Nuclei_Granularity_9_AGP,4.498328712043602,455
"DMSO, PND-1186",-7.482064248197268,3.16667364207909e-05,Nuclei_Granularity_9_RNA,4.499396692784566,456
"DMSO, PND-1186",-20.54747472709312,5.415565066710357e-11,Nuclei_Intensity_IntegratedIntensityEdge_AGP,10.26635622185476,457
"DMSO, PND-1186",-25.560041274116234,1.0080586921896273e-10,Nuclei_Intensity_IntegratedIntensityEdge_DNA,9.996514181231735,458
"DMSO, PND-1186",-28.95393864083344,6.873487649271722e-11,Nuclei_Intensity_IntegratedIntensityEdge_ER,10.162822843363601,459
"DMSO, PND-1186",-14.118775860801911,5.050665186136505e-07,Nuclei_Intensity_IntegratedIntensityEdge_RNA,6.2966514203676525,460
"DMSO, PND-1186",-25.640523045522993,1.2822158746046185e-09,Nuclei_Intensity_IntegratedIntensity_AGP,8.892038850591804,461
"DMSO, PND-1186",-23.392319736932684,4.9021931839298876e-08,Nuclei_Intensity_IntegratedIntensity_DNA,7.309609578220295,462
"DMSO, PND-1186",-53.523334539410186,9.09915760301769e-13,Nuclei_Intensity_IntegratedIntensity_ER,12.040998812656436,463
"DMSO, PND-1186",-19.8626386735603,8.43467318552058e-08,Nuclei_Intensity_IntegratedIntensity_RNA,7.073931740161365,464
"DMSO, PND-1186",7.5995458205061635,1.4774938439168831e-05,Nuclei_Intensity_LowerQuartileIntensity_AGP,4.830474319961764,465
"DMSO, PND-1186",-1.5270099734222666,0.16262162968588348,Nuclei_Intensity_LowerQuartileIntensity_ER,0.7888216910390619,466
"DMSO, PND-1186",-1.7615279690860932,0.11486322698080943,Nuclei_Intensity_MADIntensity_AGP,0.9398189867639576,467
"DMSO, PND-1186",-6.912400342985887,0.0001786922491468189,Nuclei_Intensity_MADIntensity_DNA,3.747894284795809,468
"DMSO, PND-1186",-13.668713363195156,2.950021542022929e-07,Nuclei_Intensity_MADIntensity_ER,6.530174812649793,469
"DMSO, PND-1186",-22.01798160620725,6.015054322615138e-08,Nuclei_Intensity_MassDisplacement_AGP,7.220760446145339,470
"DMSO, PND-1186",-19.677734202224986,2.1696394793129682e-07,Nuclei_Intensity_MassDisplacement_DNA,6.663612425208045,471
"DMSO, PND-1186",-8.760468066261103,3.213377141588983e-05,Nuclei_Intensity_MassDisplacement_ER,4.493038300001271,472
"DMSO, PND-1186",-12.928084057605105,2.6252631681277346e-06,Nuclei_Intensity_MassDisplacement_Mito,5.58082715445349,473
"DMSO, PND-1186",-17.15848484587147,2.806807737145514e-07,Nuclei_Intensity_MassDisplacement_RNA,6.551787334980983,474
"DMSO, PND-1186",-13.295674228806414,6.9584914917918e-08,Nuclei_Intensity_MaxIntensity_DNA,7.157484899440883,475
"DMSO, PND-1186",-13.316973129698892,4.678833409635196e-08,Nuclei_Intensity_MaxIntensity_ER,7.329862417634098,476
"DMSO, PND-1186",4.5898029193201,0.000562333713509974,Nuclei_Intensity_MeanIntensityEdge_AGP,3.2500058785172095,477
"DMSO, PND-1186",-2.9824819901701076,0.013703246234791777,Nuclei_Intensity_MeanIntensityEdge_ER,1.863176538328721,478
"DMSO, PND-1186",0.8109440943898188,0.43969556180927705,Nuclei_Intensity_MeanIntensityEdge_RNA,0.356847918031575,479
"DMSO, PND-1186",-1.2706680391094802,0.23091599259337098,Nuclei_Intensity_MeanIntensity_DNA,0.6365459880246425,480
"DMSO, PND-1186",-3.669587021190866,0.004996940388260965,Nuclei_Intensity_MeanIntensity_ER,2.301295831506731,481
"DMSO, PND-1186",-0.2753442462631009,0.7901186465003797,Nuclei_Intensity_MeanIntensity_RNA,0.10230768889758689,482
"DMSO, PND-1186",6.663082331713523,5.769102488625447e-05,Nuclei_Intensity_MedianIntensity_AGP,4.2388917456927295,483
"DMSO, PND-1186",-1.108690667306873,0.27319326056889953,Nuclei_Intensity_MinIntensityEdge_Mito,0.5635300185111484,484
"DMSO, PND-1186",10.31944946400325,5.043119346958671e-07,Nuclei_Intensity_MinIntensity_AGP,6.297300754007777,485
"DMSO, PND-1186",-8.128045475479672,1.588987590342334e-06,Nuclei_Intensity_StdIntensityEdge_AGP,5.798879494527606,486
"DMSO, PND-1186",-6.760491236236042,6.609956444590716e-06,Nuclei_Intensity_StdIntensityEdge_ER,5.179801402229372,487
"DMSO, PND-1186",-7.1050717571903785,0.00010617052443809464,Nuclei_Intensity_StdIntensityEdge_RNA,3.9739960374039787,488
"DMSO, PND-1186",-9.827740769565796,8.846580967572508e-06,Nuclei_Intensity_StdIntensity_DNA,5.053224543292674,489
"DMSO, PND-1186",-14.91904305998862,9.110169241156604e-10,Nuclei_Intensity_StdIntensity_ER,9.040473554989932,490
"DMSO, PND-1186",20.856874927216136,1.1255545438947807e-07,Nuclei_Neighbors_AngleBetweenNeighbors_2,6.948633454427515,491
"DMSO, PND-1186",67.68708402726567,2.0734958152722188e-20,Nuclei_Neighbors_SecondClosestObjectNumber_2,19.683296836791893,492
"DMSO, PND-1186",24.898578200546375,7.020852713196832e-09,Nuclei_RadialDistribution_FracAtD_AGP_3of4,8.153610137706933,493
"DMSO, PND-1186",26.123796978907095,1.9158316006370823e-08,Nuclei_RadialDistribution_FracAtD_Mito_1of4,7.717642667558212,494
"DMSO, PND-1186",28.536006247084337,3.994581676255685e-09,Nuclei_RadialDistribution_FracAtD_Mito_3of4,8.398528694499243,495
"DMSO, PND-1186",3.7080684947066054,0.006505182225186988,Nuclei_RadialDistribution_FracAtD_RNA_3of4,2.1867405333399472,496
"DMSO, PND-1186",-7.680488640530106,3.6482343326695585e-05,Nuclei_RadialDistribution_MeanFrac_AGP_1of4,4.437917273930016,497
"DMSO, PND-1186",-9.557097252762029,9.153938198016265e-06,Nuclei_RadialDistribution_MeanFrac_ER_1of4,5.038392023998638,498
"DMSO, PND-1186",-9.990957983763364,4.941758656720457e-06,Nuclei_RadialDistribution_MeanFrac_RNA_2of4,5.306118468285201,499
"DMSO, PND-1186",-14.411565237287546,1.6364066168949337e-06,Nuclei_RadialDistribution_RadialCV_AGP_1of4,5.786108773077876,500
"DMSO, PND-1186",-14.238572946306189,1.6768683799123872e-06,Nuclei_RadialDistribution_RadialCV_AGP_2of4,5.775501024526331,501
"DMSO, PND-1186",-12.285749762003347,3.506143586775852e-06,Nuclei_RadialDistribution_RadialCV_AGP_3of4,5.455170302256052,502
"DMSO, PND-1186",-9.122486951476557,1.0465103833509139e-05,Nuclei_RadialDistribution_RadialCV_AGP_4of4,4.980256458285988,503
"DMSO, PND-1186",-10.926242221340777,1.0218991225808798e-05,Nuclei_RadialDistribution_RadialCV_ER_1of4,4.9905919737402415,504
"DMSO, PND-1186",-10.048506823757155,1.8000405749920232e-05,Nuclei_RadialDistribution_RadialCV_ER_2of4,4.744717705287509,505
"DMSO, PND-1186",-3.128127921729504,0.015540385090976862,Nuclei_RadialDistribution_RadialCV_ER_3of4,1.8085382235779537,506
"DMSO, PND-1186",3.328178658270644,0.009773363438399572,Nuclei_RadialDistribution_RadialCV_ER_4of4,2.00995595098345,507
"DMSO, PND-1186",-12.431335189196549,4.7374264430253145e-06,Nuclei_RadialDistribution_RadialCV_Mito_1of4,5.32445752016608,508
"DMSO, PND-1186",-10.723426969758842,1.9176325098396004e-06,Nuclei_RadialDistribution_RadialCV_RNA_1of4,5.717234616268799,509
"DMSO, PND-1186",-19.31153074500116,3.795680725636787e-09,Nuclei_RadialDistribution_RadialCV_RNA_2of4,8.420710325466468,510
"DMSO, PND-1186",-19.57407836246472,7.574331657867459e-08,Nuclei_RadialDistribution_RadialCV_RNA_3of4,7.1206556823115505,511
"DMSO, PND-1186",-8.412476790779499,2.6790881616420187e-05,Nuclei_RadialDistribution_RadialCV_RNA_4of4,4.572012994684192,512
"DMSO, PND-1186",-0.3590577796166019,0.7288459216905201,Nuclei_Texture_AngularSecondMoment_ER_20_0,0.13736427200034662,513
"DMSO, PND-1186",-3.7024002823557898,0.006064511641722995,Nuclei_Texture_AngularSecondMoment_Mito_5_0,2.217204165917644,514
"DMSO, PND-1186",4.96285425074865,0.0014065480030463551,Nuclei_Texture_Contrast_ER_20_0,2.8518454415276473,515
"DMSO, PND-1186",-0.302493725325341,0.7706077325270019,Nuclei_Texture_Correlation_AGP_10_0,0.11316663744998463,516
"DMSO, PND-1186",-7.4577050428917,8.59776284084079e-05,Nuclei_Texture_Correlation_AGP_20_0,4.065614538555449,517
"DMSO, PND-1186",1.6846334238767267,0.1333320735795053,Nuclei_Texture_Correlation_AGP_5_0,0.8750653666921049,518
"DMSO, PND-1186",-53.370641693627114,1.1433055962591603e-10,Nuclei_Texture_Correlation_DNA_20_0,9.941837670715707,519
"DMSO, PND-1186",7.400854891709033,9.187861223566294e-05,Nuclei_Texture_Correlation_ER_20_0,4.036785573152081,520
"DMSO, PND-1186",2.4723648607987334,0.04100676888489929,Nuclei_Texture_Correlation_ER_5_0,1.3871444494577412,521
"DMSO, PND-1186",8.033466459302565,6.250684227030899e-05,Nuclei_Texture_Correlation_Mito_10_0,4.2040724402944365,522
"DMSO, PND-1186",13.274899506932009,1.2637691524933099e-06,Nuclei_Texture_Correlation_Mito_20_0,5.89833224959352,523
"DMSO, PND-1186",-7.2277772442775445,8.360135180472127e-05,Nuclei_Texture_Correlation_RNA_10_0,4.0777867001137995,524
"DMSO, PND-1186",-4.205158190757272,0.002984208648999676,Nuclei_Texture_Correlation_RNA_20_0,2.5251708152672845,525
"DMSO, PND-1186",27.237532753474262,1.298939141879726e-08,Nuclei_Texture_DifferenceEntropy_DNA_10_0,7.886411196090147,526
"DMSO, PND-1186",15.981247862772234,6.314443267034517e-07,Nuclei_Texture_DifferenceEntropy_DNA_20_0,6.1996649343744314,527
"DMSO, PND-1186",35.4291288521395,1.5725257039616713e-09,Nuclei_Texture_DifferenceEntropy_DNA_5_0,8.803402246997171,528
"DMSO, PND-1186",2.796182393356547,0.022899540816414876,Nuclei_Texture_DifferenceEntropy_ER_10_0,1.6401732260835438,529
"DMSO, PND-1186",1.989623524461925,0.08286649570600277,Nuclei_Texture_DifferenceEntropy_ER_5_0,1.081621026399751,530
"DMSO, PND-1186",-0.9985234025940727,0.350056113834211,Nuclei_Texture_DifferenceEntropy_Mito_10_0,0.4558623328634166,531
"DMSO, PND-1186",4.265020789385819,0.0034408799993423576,Nuclei_Texture_DifferenceEntropy_Mito_20_0,2.463330473130943,532
"DMSO, PND-1186",26.966874960426836,9.537016337740542e-09,Nuclei_Texture_DifferenceEntropy_RNA_20_0,8.020587473380612,533
"DMSO, PND-1186",6.324308438593967,1.7439405152568708e-05,Nuclei_Texture_DifferenceVariance_AGP_10_0,4.758468332669668,534
"DMSO, PND-1186",12.858583069968702,8.273215527907345e-09,Nuclei_Texture_DifferenceVariance_AGP_20_0,8.082325661595313,535
"DMSO, PND-1186",2.2710827034195815,0.04638300312297657,Nuclei_Texture_DifferenceVariance_AGP_5_0,1.3336411358723737,536
"DMSO, PND-1186",30.544686066191336,2.7637856544160053e-09,Nuclei_Texture_DifferenceVariance_DNA_10_0,8.558495641729829,537
"DMSO, PND-1186",24.390600906455948,1.786402137928083e-08,Nuclei_Texture_DifferenceVariance_DNA_5_0,7.748020770181909,538
"DMSO, PND-1186",2.392303156740774,0.04574513141330262,Nuclei_Texture_DifferenceVariance_ER_10_0,1.3396551204576335,539
"DMSO, PND-1186",13.55418362574076,8.115648889383356e-07,Nuclei_Texture_DifferenceVariance_ER_20_0,6.090676750290961,540
"DMSO, PND-1186",0.5820338099039971,0.5777502426833654,Nuclei_Texture_DifferenceVariance_ER_5_0,0.23825986342388675,541
"DMSO, PND-1186",2.5227740019565497,0.038942509032907156,Nuclei_Texture_DifferenceVariance_Mito_20_0,1.409576070688539,542
"DMSO, PND-1186",-2.390853297305537,0.04545497703482598,Nuclei_Texture_DifferenceVariance_Mito_5_0,1.3424185573172267,543
"DMSO, PND-1186",9.32952783445372,1.3611253719646569e-05,Nuclei_Texture_DifferenceVariance_RNA_10_0,4.866101870502201,544
"DMSO, PND-1186",12.13627714888832,3.239046511966665e-06,Nuclei_Texture_DifferenceVariance_RNA_20_0,5.489582815575673,545
"DMSO, PND-1186",9.721514567651774,2.1648710578742565e-05,Nuclei_Texture_Entropy_DNA_10_0,4.664567965602227,546
"DMSO, PND-1186",7.960673522634606,7.999380528239871e-05,Nuclei_Texture_Entropy_DNA_20_0,4.096943643456033,547
"DMSO, PND-1186",16.493891913758983,6.107049454559818e-07,Nuclei_Texture_Entropy_DNA_5_0,6.21416856309641,548
"DMSO, PND-1186",20.70751731367447,8.135306081032227e-08,Nuclei_Texture_Entropy_RNA_5_0,7.089626102616166,549
"DMSO, PND-1186",-0.15099133298825515,0.8835163001271323,Nuclei_Texture_Gabor_AGP_10,0.05378543371809294,550
"DMSO, PND-1186",-0.45094503237799416,0.6645004632436766,Nuclei_Texture_Gabor_AGP_20,0.1775047119611252,551
"DMSO, PND-1186",11.610115218524017,1.5644784901488508e-07,Nuclei_Texture_Gabor_AGP_5,6.805630403546154,552
"DMSO, PND-1186",1.0823439522622074,0.31049475653226816,Nuclei_Texture_Gabor_DNA_10,0.5079457295560967,553
"DMSO, PND-1186",10.293191466396474,4.485538264314864e-06,Nuclei_Texture_Gabor_DNA_20,5.348185434181699,554
"DMSO, PND-1186",4.772466161351318,0.0014557394691578234,Nuclei_Texture_Gabor_DNA_5,2.8369163429016746,555
"DMSO, PND-1186",-0.7699799128261212,0.4621551075124213,Nuclei_Texture_Gabor_ER_10,0.3352122429904556,556
"DMSO, PND-1186",-1.6528098458316351,0.13332401838308108,Nuclei_Texture_Gabor_ER_20,0.8750916051877867,557
"DMSO, PND-1186",4.385644978522469,0.0022578404596154495,Nuclei_Texture_Gabor_ER_5,2.646306748839989,558
"DMSO, PND-1186",-2.7240473173241573,0.0278797154789754,Nuclei_Texture_Gabor_Mito_10,1.554711662659447,559
"DMSO, PND-1186",-2.7927867419655983,0.024514801386662483,Nuclei_Texture_Gabor_Mito_20,1.6105716209585303,560
"DMSO, PND-1186",9.118310059478226,2.1664766772666057e-05,Nuclei_Texture_Gabor_Mito_5,4.6642459819072135,561
"DMSO, PND-1186",23.006891587863358,1.3080538323720036e-09,Nuclei_Texture_Gabor_RNA_10,8.883374382448277,562
"DMSO, PND-1186",19.32991564181204,7.538870844886105e-08,Nuclei_Texture_Gabor_RNA_20,7.122693696909773,563
"DMSO, PND-1186",11.637540583223268,3.368589451575472e-06,Nuclei_Texture_Gabor_RNA_5,5.47255191563806,564
"DMSO, PND-1186",2.1555939412919036,0.06570591652790529,Nuclei_Texture_InfoMeas1_AGP_10_0,1.1823955223773417,565
"DMSO, PND-1186",-0.6147209896282755,0.5566901812384597,Nuclei_Texture_InfoMeas1_AGP_20_0,0.2543864386024591,566
"DMSO, PND-1186",-5.531879412614649,0.000698253271844978,Nuclei_Texture_InfoMeas1_ER_20_0,3.155987020623892,567
"DMSO, PND-1186",-2.0368638739767913,0.0793441766449537,Nuclei_Texture_InfoMeas1_RNA_20_0,1.100484942176538,568
"DMSO, PND-1186",4.283844481975274,0.0031046377192164402,Nuclei_Texture_InfoMeas2_AGP_20_0,2.507989070438982,569
"DMSO, PND-1186",-8.04248742699059,8.253717558840262e-05,Nuclei_Texture_InfoMeas2_DNA_20_0,4.083350396705981,570
"DMSO, PND-1186",-7.980664486471304,6.23867972359519e-05,Nuclei_Texture_InfoMeas2_DNA_5_0,4.204907309263945,571
"DMSO, PND-1186",3.3220267705521898,0.011957110031000268,Nuclei_Texture_InfoMeas2_ER_10_0,1.9223737742984772,572
"DMSO, PND-1186",-5.325059572524425,0.0007568082046909774,Nuclei_Texture_InfoMeas2_RNA_5_0,3.121014168317809,573
"DMSO, PND-1186",-18.55521751034755,2.5686227863119205e-07,Nuclei_Texture_InverseDifferenceMoment_DNA_10_0,6.590299669128603,574
"DMSO, PND-1186",-9.668704726719048,2.2829716291059755e-05,Nuclei_Texture_InverseDifferenceMoment_DNA_20_0,4.641499485530913,575
"DMSO, PND-1186",-46.87788887011746,3.055775626926088e-10,Nuclei_Texture_InverseDifferenceMoment_DNA_5_0,9.514878537388643,576
"DMSO, PND-1186",-2.257376701101727,0.0491096970866049,Nuclei_Texture_InverseDifferenceMoment_ER_5_0,1.308832744630801,577
"DMSO, PND-1186",-1.9436300751657622,0.08887612488451767,Nuclei_Texture_InverseDifferenceMoment_Mito_10_0,1.0512148894627718,578
"DMSO, PND-1186",-0.3465536774380985,0.7381358632444246,Nuclei_Texture_InverseDifferenceMoment_Mito_5_0,0.13186369342528226,579
"DMSO, PND-1186",-26.078427758007244,1.3341035859747778e-08,Nuclei_Texture_InverseDifferenceMoment_RNA_10_0,7.874810448477407,580
"DMSO, PND-1186",-20.962884371168883,5.7976446687700226e-08,Nuclei_Texture_InverseDifferenceMoment_RNA_20_0,7.236748405593876,581
"DMSO, PND-1186",13.549640881649822,2.0636085724953788e-07,Nuclei_Texture_SumAverage_AGP_5_0,6.685372676679856,582
"DMSO, PND-1186",34.28621374747553,1.6760661460167895e-09,Nuclei_Texture_SumAverage_DNA_20_0,8.775708845918611,583
"DMSO, PND-1186",32.91593954840579,2.824535741695203e-09,Nuclei_Texture_SumAverage_DNA_5_0,8.549052925327445,584
"DMSO, PND-1186",-3.1058198813000346,0.013497684297421588,Nuclei_Texture_SumAverage_ER_5_0,1.8697407339580874,585
"DMSO, PND-1186",2.5130621595476943,0.03287356052292832,Nuclei_Texture_SumAverage_Mito_5_0,1.4831532550994826,586
"DMSO, PND-1186",4.80568145307442,0.0013024525074182187,Nuclei_Texture_SumAverage_RNA_20_0,2.8852381038382213,587
"DMSO, PND-1186",-1.3610629778510837,0.2137444698855696,Nuclei_Texture_SumEntropy_DNA_10_0,0.6701051127600245,588
"DMSO, PND-1186",-1.187890619287336,0.271874804717662,Nuclei_Texture_SumEntropy_DNA_20_0,0.5656310376463808,589
"DMSO, PND-1186",0.7566346527894519,0.4730062507945616,Nuclei_Texture_SumEntropy_DNA_5_0,0.32513312000711825,590
"DMSO, PND-1186",8.641486967138508,3.4275590757262004e-05,Nuclei_Texture_SumEntropy_RNA_5_0,4.465015051187377,591
"DMSO, PND-1186",-2.082296572938624,0.0739955964822459,Nuclei_Texture_SumVariance_DNA_20_0,1.130794124598282,592
"DMSO, PND-1186",5.664856086813591,0.0005339232646443924,Nuclei_Texture_Variance_ER_20_0,3.272521155211476,593
"DMSO, PND-1186",0.8968676962990993,0.3983155439750635,Nuclei_Texture_Variance_Mito_20_0,0.39977274523296336,594
"DMSO, PND-1186",12.81634578984729,2.134625469824438e-06,Nuclei_Texture_Variance_RNA_10_0,5.67067831298422,595
